"Aleida Alcaide","Aleida Alcaide","Alcaide"
"Alejandra Escudero","Alejandra Escudero","Escudero"
"Alexander Heichlinger","Alexander Heichlinger","Heichlinger"
"Alfonso Castro","Alfonso Castro","Castro"
"Alfonso Díaz Rodríguez","Alfonso Díaz Rodríguez","Díaz","Alfonso Díaz"
"Álvaro Porcar","Álvaro Porcar","Porcar"
"Amaia Matute","Amaia Matute","Matute"
"Ana Báez Fornieles","Ana Báez Fornieles","Fornieles","Ana Báez"
"Ana Gómez Velarde","Ana Gómez Velarde","Gómez Velarde","Ana Gómez"
"Ángel Herrero Sanz","Ángel Herrero Sanz","Herrero","Ángel Herrero"
"Angel Laín","Angel Laín","Laín"
"Ángeles Navarro Rueda","Ángeles Navarro Rueda","Navarro Rueda","Ángeles Navarro"
"Anna Aguilar","Anna Aguilar","Aguilar Anna"
"Anna Rufí Vilá","Anna Rufí Vilá","Rufí"
"Antonio Ibañez Pascual","Antonio Ibañez Pascual","Ibañez","Antonio Ibañez"
"Antonio Sánchez Zaplana","Antonio Sánchez Zaplana","Sánchez Zaplana","Antonio Sánchez"
"Antonio Villaescusa Soriano","Antonio Villaescusa Soriano","Villaescusa","Antonio Villaescusa"
"Ariel Súcari","Ariel Súcari","Súcari"
"Ascensión Moro Cordero","Ascensión Moro Cordero","Moro","Ascensión Moro"
"Borja Colón de Carvajal Fibla","Borja Colón de Carvajal Fibla","Colón de Carvajal","Borja","Borja Colón"
"Carlos Gómez Peset","Carlos Gómez Peset","Gómez Peset","Carlos Gómez"
"Carlos Montuenga","Carlos Montuenga","Montuenga"
"Carmen Gloria León León","Carmen Gloria León León","León León"
"Celia Tenés","Celia Tenés","Tenés"
"Concepción Campos Acuña","Concepción Campos Acuña","Campos Acuña","Conchi Campos","Concepción Campos"
"Cristóbal Contreras Fernández","Cristóbal Contreras Fernández","Contreras Fernández","Cristobal Contreras"
"Daniel Bernao","Daniel Bernao","Bernao"
"Daniel Rodriguez","Daniel Rodriguez","Rodriguez Daniel"
"Daniel Torres Burriel","Daniel Torres Burriel","Torres Daniel"
"David Bueno","David Bueno","Bueno","Bueno Vallejo","David Bueno Vallejo"
"David Comas","David Comas","Comas"
"David Sánchez","David Sánchez","Sánchez David"
"Desiré Lorente Rivas","Desiré Lorente Rivas","Lorente"
"Dolors Gonzalez Reche","Dolors Gonzalez Reche","Gonzalez Reche"
"Eduardo Tuñon Gonzalo","Eduardo Tuñon Gonzalo","Tuñon"
"Elena Muñoz Salinero","Elena Muñoz Salinero","Muñoz Salinero"
"Elisa García Martín","Elisa García Martín","García Martín"
"Elisabet Demonjó","Elisabet Demonjó","Demonjó"
"Elisabeth Udina","Elisabeth Udina","Udina"
"Emili Gironés","Emili Gironés","Gironés"
"Enrique Lucas Ortega","Enrique Lucas Ortega","Lucas Ortega"
"Enrique Valeriola Salvo","Enrique Valeriola Salvo","Valeriola"
"Ester Manzano Peláez","Ester Manzano Peláez","Manzano Ester"
"Eugenia Torres Suarez","Eugenia Torres Suarez","Torres Suarez"
"Eulalia Fusté Artigas","Eulalia Fusté Artigas","Fusté"
"Federico Gramage","Federico Gramage","Gramage"
"Félix García","Félix García","García Félix"
"Fernando Alvarez Garcia","Fernando Alvarez Garcia","Alvarez Garcia","Fernando Alvarez"
"Fernando de Pablo","Fernando de Pablo","de Pablo"
"Fernando Gallego","Fernando Gallego","Gallego"
"Fernando Monar Rubia","Fernando Monar Rubia","Monar"
"Fernando Pino","Fernando Pino","Pino"
"Francesc Alemany","Francesc Alemany","Alemany"
"Francisco Javier Domínguez Murillo","Francisco Javier Domínguez Murillo","Domínguez Murillo"
"Francisco Longo","Francisco Longo","Longo"
"Francisco Muñoz","Francisco Muñoz","Muñoz Francisco"
"Francisco Romero","Francisco Romero","Romero Francisco "
"Gema T. Pérez Ramón","Gema T. Pérez Ramón","Pérez Ramón"
"Gonzalo Pellejero Sánchez","Gonzalo Pellejero Sánchez","Pellejero Sánchez"
"Ignacio García de Vinuesa","Ignacio García de Vinuesa","García de Vinuesa"
"Ignacio García Rodríguez","Ignacio García Rodríguez","García Rodríguez"
"Inmaculada Sánchez Ramos","Inmaculada Sánchez Ramos","Sánchez Ramos"
"Iñaki Guillerna","Iñaki Guillerna","Guillerna"
"Jacobo Uberto Rodríguez","Jacobo Uberto Rodríguez","Rodríguez Jacobo"
"Jaime Grajera","Jaime Grajera","Grajera"
"Jaime Sánchez Revenga","Jaime Sánchez Revenga","Sánchez Revenga"
"Jaime Tovar","Jaime Tovar","Tovar"
"Javier Araujo","Javier Araujo","Araujo"
"Jesús Cabra Meléndez","Jesús Cabra Meléndez","Cabra Meléndez"
"Jesús Cintora","Jesús Cintora","Cintora"
"Jesús Vázquez Abad","Jesús Vázquez Abad","Vázquez"
"Joan Navarro Puertas","Joan Navarro Puertas","Navarro Puertas"
"Joaquin Burgar Arquimbau","Joaquin Burgar Arquimbau","Burgar"
"Joaquin Meseguer Yebra","Joaquin Meseguer Yebra","Meseguer"
"Jordi Coma","Jordi Coma","Coma"
"Jordi Valeriano","Jordi Valeriano","Valeriano"
"Jorge Barrero","Jorge Barrero","Barrero"
"José Antonio Eusamio","José Antonio Eusamio","Eusamio"
"José de León Rojas","José de León Rojas","León Rojas"
"José Ignacio Artillo Pavón","José Ignacio Artillo Pavón","Artillo"
"José Juan Lorenzo Rodríguez ","José Juan Lorenzo Rodríguez ","Lorenzo Rodríguez "
"Jose Manuel Hinojosa Peña","Jose Manuel Hinojosa Peña","Hinojosa Peña"
"José Manuel Laperal González","José Manuel Laperal González","Laperal"
"Jose María Sánchez Burson","Jose María Sánchez Burson","Sánchez Burson"
"José Nuño Riesgo","José Nuño Riesgo","Nuño"
"Juan Fermín Molina ","Juan Fermín Molina ","Juan Fermín Molina "
"Juan García Sánchez","Juan García Sánchez","García Sánchez"
"Juan Manzano","Juan Manzano","Manzano Juan"
"Julia de la Guardia","Julia de la Guardia","Guardia"
"Laura Almonacid","Laura Almonacid","Almonacid Laura"
"Laura Flores Iglesias","Laura Flores Iglesias","Flores"
"Laura Sunyol","Laura Sunyol","Sunyol"
"Llorenç Fernández Matamoros","Llorenç Fernández Matamoros","Fernández Matamoros"
"Luis Ángel Fernández Ameijeiras","Luis Ángel Fernández Ameijeiras","Fernández Ameijeiras"
"Luis C. Arráez Guadalupe","Luis C. Arráez Guadalupe","Arráez Guadalupe"
"Luis Carlos de la Concepción","Luis Carlos de la Concepción","Concepción"
"Manuel Mendieta Arjona","Manuel Mendieta Arjona","Mendieta","Manolo Mendieta","Manuel Mendieta"
"Manuel Pereira González","Manuel Pereira González","Pereira"
"Manuel Serrano Canon","Manuel Serrano Canon","Serrano","Manuel Serrano","Manolo Serrano"
"Mar Herrera","Mar Herrera","Herrera"
"Marc Giró i Mut","Marc Giró i Mut","Giró"
"Marga Bonmatí","Marga Bonmatí","Bonmatí"
"Mari Carmen Medina Zorrilla","Mari Carmen Medina Zorrilla","Medina"
"María Begoña Ballvé Jerez","María Begoña Ballvé Jerez","Ballvé"
"María Carmen García Álvarez","María Carmen García Álvarez","García Álvarez"
"María Esperanza Dorado","María Esperanza Dorado"," Dorado"
"Mario Alguacil Sanz","Mario Alguacil Sanz","Alguacil"
"Mario Carabaño Marí","Mario Carabaño Marí","Carabaño"
"Marta Contreras","Marta Contreras","Contreras"
"Matilde Manzano","Matilde Manzano","Manzano Matilde"
"Mercè Custodio Murillo","Mercè Custodio Murillo","Murillo"
"Meritxell Vargas","Meritxell Vargas","Vargas"
"Miguel Ángel Lubián","Miguel Ángel Lubián","Lubián"
"Miguel Ballesteros","Miguel Ballesteros","Ballesteros"
"Miguel de Bas","Miguel de Bas","Bas","de Bas","Miguel Angel de Bas"
"Miguel Solano Gadea","Miguel Solano Gadea","Solano","Gadea","Miguel Solano"
"Moisés Barrio Andrés","Moisés Barrio Andrés","Barrio"
"Mónica Lacasa","Mónica Lacasa","Lacasa"
"Montse Novell Ramos","Montse Novell Ramos","Novell"
"Pablo Bárcenas Gutiérrez","Pablo Bárcenas Gutiérrez","Bárcenas","Pablo Bárcenas"
"Pablo de Amil Villarrubia","Pablo de Amil Villarrubia","de Amil","Amil"
"Pablo Ojanguren Menéndez","Pablo Ojanguren Menéndez","Ojanguren"
"Patricia Alonso Díaz","Patricia Alonso Díaz","Alonso Díaz"
"Pep Budi","Pep Budi","Budi"
"Pilar Moreno","Pilar Moreno","Moreno Pilar"
"Pilar Torres","Pilar Torres","Torres Pilar"
"Quim Mestres","Quim Mestres","Mestres"
"Rafael Zayas Saucedo ","Rafael Zayas Saucedo ","Zayas Saucedo "
"Reyes Boralla Jaramillo","Reyes Boralla Jaramillo","Boralla"
"Ricardo Peñalver","Ricardo Peñalver","Peñalver"
"Roberto Guijarro","Roberto Guijarro","Guijarro"
"Roberto Magro","Roberto Magro","Magro"
"Roger Alves Cabratosa","Roger Alves Cabratosa","Alves"
"Rosa Maria Galindo Rodriguez","Rosa Maria Galindo Rodriguez","Galindo"
"Salvador Luis Soriano Maldonado","Salvador Luis Soriano Maldonado","Soriano Maldonado"
"Santiago Carral Riádigos","Santiago Carral Riádigos","Carral"
"Santiago Díez Martínez","Santiago Díez Martínez","Díez Martínez"
"Sara Hernández Ibabe","Sara Hernández Ibabe","Hernández Ibabe"
"Sergi Vallès Domingo","Sergi Vallès Domingo","Vallès Domingo"
"Sergio Caballero","Sergio Caballero","Caballero"
"Sergio González","Sergio González"," González Sergio"
"Sergio Jiménez","Sergio Jiménez","Jiménez Sergio"
"Sonia Rodriguez Campos","Sonia Rodriguez Campos","Rodriguez Campos"
"Valentín Gómez","Valentín Gómez","Gómez Valentín"
"Vanesa Martínez Monroy","Vanesa Martínez Monroy","Martínez Monroy"
"Vanesa Vilaseca","Vanesa Vilaseca","Vilaseca"
"Vicente León Miravet Márquez","Vicente León Miravet Márquez","Miravet Márquez"
"Víctor Almonacid Lamelas","Víctor Almonacid Lamelas","Almonacid Lamelas","Victor Almonacid","Víctor Almonacid"
"Victor Manuel Solla Bárcena","Victor Manuel Solla Bárcena","Solla Bárcena","Victor Solla"
"Víctor Martín González de Haro","Víctor Martín González de Haro","González de Haro"
"Victoria Anderica","Victoria Anderica","Anderica"
"Virginia Fernández Robles","Virginia Fernández Robles","Fernández Robles"
"Virginia Moreno Bonilla","Virginia Moreno Bonilla","Moreno Virginia","Virginia","Virginia Moreno"
"Carlos Medina","Carlos Medina","Carlos Medina Cano"